username,komentar,tanggal
bahrul_miftahulanam,Liat background prof Stella keren si semoga bisa membawa perguruan tinggi di Indonesia bisa sekelas dengan negara negara maju,2024-10-21 14:50:42
resto_omahpincuk,Harapan agar nasib dosen swasta lbh baik di tangan kalian..aamiinğŸ™ğŸ™,2024-10-21 14:57:17
bagus_satoto1,Wow wakil menteri ada 2. Keren ini ğŸ˜,2024-10-21 15:45:59
si_paling_sekenekoun,Msib tetep lanjut donk min ? Xixixi,2024-10-21 15:35:02
jangan.lodeh__,Ditunggu MSIB Batch 8ğŸ”¥ğŸ”¥,2024-10-21 18:00:58
alnoute_zr,Selamat Prof Fauzan & Prof Stella ğŸ”¥,2024-10-21 14:49:06
siiapis,Selamat â¤ï¸ğŸ”¥,2024-10-21 14:40:16
cyzarinex00x,"Min, ada yg ikut kampus merdeka 3x tuh wkwk masa ga dilarang dan lolos. Padahal aturannya kan ikut program kampus merdeka cuma bisa 2x, tapi dia udah msib 2x + ikut pmm masih bisa lolos. Mana dimasukin story wkwk",2024-10-22 13:29:58
syaregar_,Kamii tunggu MSIB 8!!!!!!!!!ğŸ”¥ğŸ”¥ğŸ”¥,2024-10-21 17:44:02
oeihokian,Menyala Prof Stella Christie,2024-10-21 16:49:55
junizar_ibnuimron,"Semoga dengan tambahan dua ""peluru"" bisa merubah wajah pendidikan tinggi negeri ini.
Amiiiin.ğŸ¤²ğŸ»ğŸ¤²ğŸ»ğŸ¤²ğŸ»ğŸ¤²ğŸ»",2024-10-22 07:54:20
goodnfreshpancake,menyala prof stellağŸ”¥,2024-10-21 14:50:34
_elcyaaa,omaga ğŸ™ŒğŸ”¥,2024-10-21 15:02:08
_thisismadh,@fauzanwjy tidak menyangka bakalan secepat ini sobğŸ˜‚,2024-10-22 02:42:57
hfizham,"terima saya di MSIB selanjutnya, AaamiiinğŸ”¥",2024-10-21 17:34:43
van.adol,Spill kacamata prof Stella donk,2024-10-21 14:59:51
doni_purba,Salam alumni MSIB 5 ğŸ”¥,2024-10-22 12:57:38
mhmdrizkim_,"jangan magang di PT.IMIP, nyikso tenogo,batin, bbh gaada, mess mahal, kaya kuli,safety nya kurang, dll.ğŸ˜®ğŸ˜‚",2024-10-28 08:00:55
_stff.t.cp,"semoga dengan menteri yang baru bisa lolos msib ,,walau dah nt 3x",2024-10-22 05:15:53
juans_amami,Kami tunggu gebrakan2 ibuk bapakğŸ”¥,2024-10-21 16:03:58
mhmdrifalll8,Masih nungguin pmm 5 pak buâ¤ï¸ğŸ‘,2024-10-21 17:01:24
elliyanaaa__,Pak FauzanğŸ”¥ğŸ˜,2024-10-21 19:54:41
arzenvibes45,Ditunggu ya MSIB batch 8ğŸ˜ğŸ˜ğŸ˜,2024-10-22 00:02:17
tmurdian1,Insya Alloh MSIB batch 8 lolos aamiin,2024-10-22 00:10:41
ticklexbunny,BISMILLAH MSIB BATCH 8 ğŸ˜ğŸ˜ğŸ˜ğŸ˜,2024-10-22 00:13:54
zoumbezdz,ğŸ”¥ğŸ”¥,2024-10-22 03:47:26
erlangga.fs_,Semoga makin maju,2024-10-22 04:16:26
wismrt_,Semoga ada MSIB 8 ya pak buk,2024-10-22 05:27:43
dinerssly,Semoga bisa membawa pendidikan ke era yang lebih cemerlang,2024-10-22 08:53:19
aetryn17,2025 aroma yg dingin tetapi tdk kejamğŸ”¥ğŸ”¥,2024-10-22 13:09:58
nfl_1221,Selamat bertugas prof,2024-10-22 16:25:44
tyy0__,semoga better yaaaa:-,2024-10-23 08:53:02
rahazni22,Masih nungguin pmm5 ğŸ˜¢,2024-10-23 17:37:03
ezra_ts_,"Selamat mengabdi ğŸ™Œ, mari bersama membina pendidikan Indonesia",2024-10-24 01:06:49
tolakanginkomplit,MSIB PINCANG,2024-10-24 03:32:23
bungnusantara,Siap pendidikan Indonesia maju bisa setara dengan negara maju..amiin,2024-10-24 09:17:03
faizanastiar_,Info pendaftaran MSIB dong kak kapan?,2024-10-25 02:52:22
jaka.oa,Menyala wamen pendidikankuğŸ”¥,2024-10-25 15:27:02
eliastae20,Semoga memberikan dampak yang baik bagi anak bangsağŸª¼ğŸª¼,2024-10-27 17:14:26
peras_set,"Apakah MBKM akan dirombak untuk program lain atau dilanjutkan ni, semoga ada inovasi yang menarik dan menguntungkan lainnya buat perkembangan pendidikan Indonesia ğŸ”¥â¤ï¸",2024-10-22 06:14:44
azhari_mhndra,"Selamat bertugas Pak Prof, lanjutkan MBKM",2024-10-22 05:04:24
callantriyunanto,"Selamat bertugas, Prof. Satryo Soemantri. ğŸ™Œ",2024-10-21 13:18:55
mhmdrifalll8,Lanjutkan kampus merdeka pakâ¤ï¸ğŸ‘,2024-10-21 16:59:52
menafqahi,"pendidikan tinggi, sains, dan teknologi.. ini revisi buat desainer nya min tolong, poster di kemendikbud tapi ga sesuai sama EYD",2024-10-21 13:25:12
all25_______,Pak jangan lupa lanjutkan program pertukaran mahasiswa merdeka yağŸ™Œ,2024-10-24 03:56:48
muellll_prb,Min sampaikan ke pak menteri MSIB batch 8 di adakan,2024-10-25 08:30:10
rahadityabintang,"Program MSIB harus dilanjutkan, banyak memberikan manfaat bagi mahasiswa",2024-10-21 13:02:19
sofeazizah,Still love bapa iniğŸ˜,2024-10-21 14:52:30
cewenyarin,"Makasih bapak, sebenarnya program bapak bagus apalagi msib, ini bener"" ngebantu kami persiapan sebelum kamu ke jenjang pekerjaan, semoga yang baru juga tetep ada msibğŸ™Œ",2024-10-21 13:04:19
ncnancy._,ğŸ™Œâ¤ï¸,2024-10-21 14:40:48
sherinaprilia__,â¤ï¸ğŸ™Œ,2024-10-21 15:27:04
yesaya_avt,Gw akuin kalo untuk dunia kampus program beliau emg Top markoTop,2024-10-21 13:08:22
cwacaw,makasih pak saya jadi bisa nyicip msib di smt akhir ini,2024-10-21 14:39:58
airalagi,terimakasihhh pakkk programnya kerenğŸ«µğŸ»ğŸ«µğŸ»ğŸ«µğŸ»ğŸ’—,2024-10-21 13:28:08
mochaguungg,"Sedih, haru, dan ga terasa, menjadi salah satu yang terdampak dari program beliau, terbantu, termotivasi dan memotivasi. MSIB adalah salah satu program yang perlu dilanjutkan dan dikembangkan, semoga semakin baik kedepannya!",2024-10-21 13:41:39
mekyyy._,MSIB batch 8 HARUS ADA YA MIN!!!,2024-10-21 13:20:24
febrihere,Makasih pak NadiemğŸ¤,2024-10-21 13:21:02
karepmu_dd,"Terima kasih sekali bapak atas jasanya yg sangat luar biasa di dunia pendidikan kitaa, saya sendiri sebagai alumni MSIB sangat berterima kasih kepada bapak, yang memberikan saya dan banyak sekali anak dari kampus terkenal dan tidak untuk bisa magang di tempat2 yang bahkan tidak terimpikan sebelumnyaaâ¤ï¸ğŸ™Œ semoga sukses selalu bapak untuk kedepannya entah dimanapun beradağŸ¦–ğŸ‰",2024-10-21 13:32:28
akbwaar,hatur nuhun pak! ğŸ™Œ,2024-10-21 13:04:01
kembaran_laurabasuki,kira kira msib masih ga yaa smt depan?,2024-10-21 14:00:57
_sugarryn,"makasih pak nadiem,saya bangga bisa menjadi salah satu alumni msib ğŸ¥¹",2024-10-21 13:25:47
isaaindaeyo,msib smstr dpn masi ada gakğŸ˜¢,2024-10-21 14:01:14
_sindywulansari,"terima kasih pak telah menyelenggarakan program MBKM sehingga bisa merasakan MSIB yang banyak manfaatnya, sungguh pengalaman luar biasa yang tak terlupakanâœ¨",2024-10-21 23:28:41
wardana_rizqi,Mantap mas nadiem,2024-10-21 14:56:44
unrel.iable,Semoga program kampus merdeka dilanjutkanğŸ¤²,2024-10-21 13:02:50
cimaidaa,BATCH 8 HARUS ADA YAA MIN,2024-10-21 13:49:16
honeysckllee,Lanjutkan MSIB dan program kampus merdeka lainnya plisss,2024-10-21 13:08:35
noufaljoseph_,terima kasii pakğŸ™Œ,2024-10-21 13:17:32
duta_dhe,"Makkasih pak buat programnya, saya alhamdulillah bisa merasakan magang di luar ekspektasi saya, dan bisa memenuhi kebutuhan perkuliahan saya dengan hasil program dari bapakğŸ™ğŸ¼ğŸ™ğŸ¼ğŸ™ğŸ¼",2024-10-21 14:55:40
yomungkinlah,"terima kasih pak Nadiem atas inovasi inovasi kerennya, termasuk program kampus merdeka ini yang beneran berdampak mengejar industri dan kondisi lapangan",2024-10-21 13:22:20
flwrcutie,msib 8 masih ada ya minn!!!,2024-10-21 14:17:27
kiza.ky,Terimakasih Banyak BapakğŸ™ğŸ»ğŸ™ğŸ»ğŸ™ğŸ»,2024-10-22 03:32:06
daiseumsf,Terima kasih pak @nadiemmakarim Sukses selalu kedepannya âœ¨ğŸ™ŒğŸ»,2024-10-21 13:44:01
rpnnsyh,respectğŸ™ğŸ»,2024-10-21 13:09:09
0xdhafin,Terima kasihh pak..,2024-10-21 13:43:51
anfii_99,Plisss msib jangan di hapusğŸ˜¢,2024-10-21 13:47:37
arsinta_ap,terimakasihh bapakkkk semoga program msib masih tetap berlanjut ya pakkk!! saya tungguinnnğŸ˜,2024-10-21 13:35:10
sharonkristinlbs,TERIMAKASII BAPAKKKK!!â¤ï¸,2024-10-21 13:58:39
sabrinassiregar,Buat sekelas kampus bagus program2nya tpi buat sekolah masih belum berhasil,2024-10-22 13:06:05
aliibaba_98,Jangan kembali lagi ke Dasar dan Menengah ya pak,2024-10-21 14:32:48
as_aory,Terimakasih pakğŸ«¡,2024-10-21 13:06:59
____mhadyah,terima kasih banyak mas menteri ğŸ«¶ğŸ»ğŸ˜­,2024-10-21 14:52:46
zeingarritsen,Thank you pak Nadiem @nadiemmakarim GBU ğŸ™ŒğŸ”¥,2024-10-21 13:27:23
jordanfesh,"Terlepas dari permasalahan dan keluhan mengenai kebijakan zonasi dan kurikulum merdeka di tingkat sekolah dasar dan menengah, namun menurut gw kebijakan pak Nadiem yang MBKM ini harus dilanjutkan, walaupun tetap harus ada perbaikan dan penyempurnaan.",2024-10-21 17:11:23
faizalarsip,"Terimakasih pak @nadiemmakarim , walau banyak hujatan diluar sana tentang beliau, tapi saya tetap mengapresiasi. Memang tidak mudah memimpin kementerian yang memiliki 4 struktur bidang (pendidikan dasar menengah, pendidikan tinggi, ristek, dan kebudayaan) bapak cukup jadi Tumbal terakhir kementerian ini, selanjutnya Kementerian tersebut sudah dipecah2.",2024-10-21 13:12:37
ferdi.ferren_,"Ya kalau program beliau di bagian pendidikan tinggi bisa dibilang berhasil tapi kalau di bagian pendidikan dasar menengah, haduh gagal",2024-10-21 13:25:30
lutfiwlcaksono,Terimakasih pak ğŸ‘ğŸ‘,2024-10-21 13:03:00
_sndiakbrr,Salah satu Menteri pendidikan terbaik yang pernah adağŸ¤—ğŸ”¥ğŸ‘,2024-10-21 13:13:02
cheesenam_,"Makasih pak, merdeka belajar cocok do terapkan ditingkat kuliah, mungkin kurang cocok di sekolah pak, tapi program bapak byk manfaatnya bagi kami ğŸ™",2024-10-21 13:33:08
novita_intaniasari,Intinya menteri ini paling top lah versi Aku semoga kampu merdeka lebih baik kedepannya,2024-10-21 13:02:55
vivasdwitoti,ğŸ˜‚,2024-10-21 14:58:10
vivasdwitoti,,2024-10-21 14:58:12
vivasdwitoti,,2024-10-21 14:58:13
mafazkohl,Mana roket nya?,2024-10-21 15:04:28
fhaadiil_,Terima kasih pakğŸ˜­,2024-10-21 15:05:03
sisiliandk__,Makasih yaaaaa pakkkkkâ¤ï¸â¤ï¸,2024-10-21 15:05:41
skrayni,â¤ï¸â¤ï¸,2024-10-21 15:23:32
fauzanfikri_022,"terimakasih sebesar-besarnya kepada mas menteri, program kampus merdeka kewrenn luar biasa â¤ï¸â¤ï¸",2024-10-21 16:32:50
rianprst.io,"Terimakasih pak @nadiemmakarim , walaupun ada beberapa yang menghujat (alasan hujatan: karena belum siap secara mental), tetap saya apresiasi setinggi-tingginya, apalagi 1 kepala megang 4 bidang (istilah korporat mah tugas 3 orang, gaji 1 orang), semoga beberapa program dievaluasi dan semoga yang bagus2 dari beberapa program tetap dipertahankan karena udah pecah 4 bagian.",2024-10-21 17:33:48
wefricss,Finally,2024-10-21 19:08:44
starmaini,makasiiii pak nadimmmğŸ’—ğŸ’—,2024-10-21 19:48:19
dear.me.lovely,ğŸ¤,2024-10-21 23:02:00
juley.tvt,makasih ya pakâ¤ï¸,2024-10-21 23:53:52
izza.wildan,terimakasihhh pakkk programnya keren,2024-10-22 00:44:55
maya_amelia20,"Apa pun pro kontra nya, terimakasih pak ğŸ˜‰",2024-10-22 00:46:23
dithaess,"Terima kasih pak program MBKM nya, saya yang orang biasa tidak sangka bisa mendapat kesempatan magang di DPR RI.",2024-10-22 02:54:08
rissdaann,"MSIB, MBKM PLEAS JANGAN DIHILANGKAN LAHğŸ˜¢",2024-10-22 03:30:03
rizki.sepriadi,Lanjutkan kampus merdeka ya,2024-10-22 04:08:43
fathir_hrv_7,â¤ï¸,2024-10-22 05:13:45
raka_don0,"Pak gelar ,Dr rafi ahhmad diakuui istana pa peltikan disebut...Kmmpus yg ama dikti gkk diakuui ama istana diakui.. Cek mana nie pak",2024-10-22 05:24:33
arliannsya,"terima kasih pak @nadiemmakarim , akhirnya saya bisa banyak belajar dan bertemu saudara saudara saya @sattvarutala dari seluruh pelosok tanah air",2024-10-22 05:25:03
ilmukomunikasi_uniska,Terimakasih atas program MBKM nya,2024-10-22 09:47:13
igastg19_,ğŸ¥ºğŸ«¶ğŸ¼â¤ï¸â€ğŸ”¥,2024-10-22 11:00:45
yedamssi,MSIB HARUS LANJUTTTT,2024-10-22 13:04:30
niaramadhani.12,"Terima kasih bapak @nadiemmakarim saya adalah salah satu dari sekian ribu mahasiswa yang merasakan program MBKM (MSIB 2022 Ã— KAMPUS MENGAJAR 2023) bisa ke kota impian ku Yogyakarta secara GRATIS, dapat uang saku, pengalaman magang di perusahaan besar di bidang teknologi, keluar dari zona nyaman ku, bebas KKN PPL, mempersingkat masa study ku 3,6 tahun Cumlaude. Program MBKM memberikan banyak pelajaran dan pengalaman berharga bagi mahasiswaâ¤ğŸ™",2024-10-22 13:27:26
ecamhzzz,Timaaciiww bapakkâ¤ï¸â¤ï¸,2024-10-22 14:28:54
langikoo,"keren pa, program kampus nya gg semua ğŸ™Œ",2024-10-22 16:59:57
ssitii.m,"pliss program"" mbkm tetap diadakan yaağŸ˜¢ğŸ™ğŸ»",2024-10-23 01:32:34
sindhyka_banurea_,"Kalau untuk mahasiswa, program beliau sangat bagus. Dampaknya bisa langsung dirasakan. Namun untuk siswa apalagi guru, sangat disayangkan. Walaupun begitu, all the best ya pak. Semoga menteri selanjutnya belajar dari kebaikan dan kesalahan bapak",2024-10-23 03:04:16
fatlw21,Msib masih ada ga ya?,2024-10-23 04:25:36
sigmageometri.anjg,Pakkk nadiemm terima kasihh program mbkm nyaa sangat membantu kami para mahasiswa/i yang perlu eksplorasi di luar kampussğŸ¥¹ğŸ¥¹ğŸ«¶ğŸ»,2024-10-23 07:20:00
wulanutm,Terima kasih pak!â¤ï¸,2024-10-23 07:57:48
kharismadwhyuni,Terimakasih atas pengabdiannya pak @nadiemmakarim semoga menjadi amal shaleh BapakğŸ™,2024-10-23 09:14:09
anggun2424,Gomawo Pak Nadiemâ¤ï¸â¤ï¸â¤ï¸,2024-10-23 11:55:41
ivorzky,terimakasih bapakâ¤ï¸,2024-10-23 13:26:43
razakbarka,ğŸ”¥ğŸ”¥,2024-10-23 22:54:59
ariftgh,Moga mbkm tetap dilanjutkan,2024-10-23 23:42:29
alyaadna,Terima kasih bapakk!,2024-10-24 03:09:29
royanfaro_,"trimakasih bg nadimmğŸ‘ğŸ‘, atas program2 yg sudah diberikan",2024-10-24 03:26:30
raquel053428,"Paling juara program Beliau, apalagi khusus buat kami mahasiswa dari pelosok Timur. Sangat Membantu sekali dalam program pendidikan ğŸ™ŒğŸ™Œ",2024-10-24 09:55:16
najooana,Tahun depan masih ada program kampus merdeka kan? Mau rasain MSIB dulu,2024-10-27 05:48:48
aeulennn,ğŸ˜ğŸ˜ğŸ˜,2024-10-20 04:19:56
keyshadarelly_,ğŸ˜,2024-10-20 04:25:23
putri_leba_ludji,â¤ï¸,2024-10-20 06:02:15
julianakarina__,ğŸ”¥ğŸ”¥ğŸ”¥,2024-10-20 06:54:53
yadisimamora,ğŸ‘,2024-10-20 04:14:44
desnayulike12,â¤â¤â¤,2024-10-20 05:46:06
mbkm_untagsmd,â¤ï¸â¤ï¸â¤ï¸â¤ï¸,2024-10-20 05:23:31
m.edisaputra_,ğŸ”¥,2024-10-20 04:15:39
nandamarbun25,ğŸ”¥ğŸ”¥,2024-10-20 04:25:51
zeingarritsen,ğŸ”¥â¤ï¸,2024-10-20 04:22:45
novranhal,ğŸ”¥ğŸ‘,2024-10-20 04:59:19
shrker_,â¤ï¸â¤ï¸â¤ï¸,2024-10-20 05:38:08
_elcyaaa,ğŸ”¥,2024-10-20 04:27:16
seadipaa,"Selamat kepada Prabowo Subianto atas dilantiknya sebagai Presiden dan Gibran Rakabuming Raka sebagai Wakil Presiden. Semoga kepemimpinan mereka membawa kemajuan dan kesejahteraan bagi bangsa. Kami berharap Kementerian Pendidikan di bawah kepemimpinan mereka dapat melanjutkan dan mengembangkan program Kampus Merdeka, sehingga menciptakan pendidikan yang lebih inklusif dan inovatif, serta mendukung peningkatan kualitas sumber daya manusia di Indonesia demi masa depan yang lebih baik.",2024-10-20 04:14:54
j_____anna,"Siapapun presiden,wapres dan mendikbud nanti semoga msib tetap ada dgn tentunya sistem yg jauh lebih baik lagi",2024-10-20 05:18:05
nrendahsp,"terimakasih pak Jokowi, dan semoga di era pak Prabowo Kampus Merdeka tetap ada dan bakal lebih upgrade ğŸ˜",2024-10-20 06:29:01
m_bii04,plis semoga msib ttp dilanjutkan,2024-10-20 05:35:35
fredianasusantibura,Semoga gak ada pemotongan di msib batch 8,2024-10-20 19:35:02
jennii.com_,tinggal didoain aja semoga amanah,2024-10-24 12:44:25
juman.zy,MSIB lanjut ga min,2024-10-20 05:30:38
omarzakty,"Saya muak dgn ucapan terima kasih pada Jokowi, seolah olah dia bekerja gratis tanpa digaji, padahal gaji dan tunjangan dari negara jauh melebihi dari tenaga dia selama menjabat bahkan dia sudah banyak menimbulkan kerusakan di negara ini. Demokrasi diporak porandakan, hukum bobrok, aparat korupsi, nepotisme mulai merajalela, terus apa yg harus diterima kasihi?? 
Justru seharusnya Jokowi memberikan pertanggungjawaban dulu atas apa yg telah dia lakukan selama 10 tahun",2024-10-25 23:15:33
badutepick,Semoga msib 8 masih tetap adağŸ”¥ğŸ”¥ğŸ”¥ğŸ”¥,2024-10-20 04:33:06
chadesu_11,"Selamat kepada pak Prabowo & Gibran! semoga program MSIB tetap ada yaaa, biar generasi selanjutnya bisa ngerasain termasuk adikkuğŸ¥¹ğŸ’™ thank u pak jokowi.",2024-10-20 05:16:00
sskwngrr,@vettelismfive,2024-10-20 12:12:26
monjaeyaa,@prabowo @gibran_rakabuming Program MSIB mohon dilanjutkan Pak. Kami selaku Mahasiswa sangat terbantu dengan program MSIB ini â¤ï¸â˜ºï¸ğŸ‡®ğŸ‡©,2024-10-20 10:00:33
elminmrl_,ğŸ”¥ğŸ”¥ğŸ”¥ğŸ”¥,2024-10-20 04:55:18
ayyubinibos,Apakah kalian mau mengakui Gibran sebagai Wapres kalian?,2024-10-20 08:56:34
muhammadrizqi1909,Ayo ayo ganyang FUFUFAFA ğŸ”¥,2024-10-21 14:55:25
b.vonkoegnieg_d,Lah lorem ipsum wkwkwk,2024-10-17 08:09:05
thbgs.s_n,lorem ipsum itu programnya juga apa gimanağŸ˜­,2024-10-17 17:07:46
xrfes,can't wait for msib 8ğŸ™Œ,2024-10-17 08:09:25
raina.wijaya,Akhirnyaaaa ğŸ˜,2024-10-17 09:13:01
ayushbilaa,"finally, i hope msib 8 â¤ï¸ğŸ¥¹",2024-10-17 08:55:42
ray_lee20,Untuk s2 dong juga iisma ğŸ˜­,2024-10-17 08:25:26
fauzanakbararvisyah_,Next Semester Adain Minn ğŸ˜,2024-10-17 09:01:33
yanzaa.sptian,6/7? satunya apalagi min?,2024-10-17 08:15:21
fauziynrx,Alhamdulillaah masihh adaağŸ˜­,2024-10-17 08:11:53
rifki_sembiring,ğŸ˜,2024-10-17 08:06:34
moniichaaaa_,Semoga menjadi salah satu org yg di terima program msib ğŸ˜,2024-10-17 09:19:43
dafaa.maulana_,"Alhamdulillah, semoga lolos msib 8â¤ï¸ msib 7 salah pilih perusahaan",2024-10-17 08:58:29
zul_muammar_,Gasss msib 8 @junhiann @adriandyy ğŸ”¥,2024-10-17 11:49:00
arjiman_114,"@_erina22 @cindipriliya @laksamanaariya_w  MSIB nih, gass ga sii?ğŸ™Œ",2024-10-17 15:45:10
amanda_wideput,Bismillah gengs @arrayyan_why28 @fdlillhrmdhn_ @anisa_caa20,2024-10-17 11:04:22
bilkahf_,Mantra para editor,2024-10-17 13:04:18
isthisjesella,@deo_manru kuy IISMA atau MSIB ğŸ˜‚,2024-10-18 02:19:02
wndaarly,"PMM5 letsgooo, ini yang gue bilang @rn.adn",2024-10-17 10:59:31
gorgeousgirlll,blh 3x ga sih?soalnya di persyaratan gdk,2024-10-17 09:48:35
cimaidaa,"ALHAMDULILLAHHH, MAJUUU MSIB 8 ğŸ‘ŠğŸ»ğŸ‘ŠğŸ»ğŸ‘ŠğŸ»ğŸ‘ŠğŸ»",2024-10-17 08:27:04
ianmdn_,MSIB 8 wait for me yaa ğŸ¥¹ğŸ¥¹ğŸ™ğŸ»,2024-10-17 08:16:32
najmykol,SANGAT SEMANGATTTT MESKIPUN LOREM IPSUM,2024-10-18 16:36:42
rezaxm_,kapan min batch 8,2024-10-17 10:16:02
fadel.mbrk,"Seketika sadar diri jatah ikut MBKM udh habis, semangatt... ğŸ”¥ğŸ¥²ğŸ‘",2024-10-17 08:26:47
siputraland_,"MSIB 8 jangan buat kecewa saya tuk terakhir kalinyağŸ˜¢ MSIB 5,6,7 kalian boleh menolak dan menyedihkan saya ğŸ˜­ teruntuk MSIB 8 tolong jadikan insan ini bagian darimuğŸ™ŒğŸ”¥ @magangmerdeka",2024-10-17 08:30:36
billhaaqqq,BISMILLAH MSIB 8ğŸ”¥ğŸ”¥ğŸ”¥,2024-10-17 12:38:23
arferlife,hayuk @tzkiaax_,2024-10-18 05:28:54
nayaaa.nay_,@cristyadinda_ ciciiiiii gass yokkğŸ˜­ğŸ˜­ğŸ”¥,2024-10-18 03:00:08
106.oktavia_,Bismilah,2024-10-17 08:28:52
sepuluhmei2025,"Semoga apabila memang lanjut ya, Min. Diperbaiki sistemnya supaya lebih ketrack dan gak ada lagi yang nabrak syarat maksimal kesempatan mengikuti program2 Kampus Merdeka. Juga lebih diperbaiki alur informasi publik terutama soal timeline, dan lebih selektif soal kuota penerimaan. Jangan disebutin kuota gede eh malah tiba2 pemotongan kuota besar2an. Kemudian semoga ada pintu koordinasi yg lebih integratif seputar kebijakan2nya terutama soal hak dan perizinan konversi SKS. Karena masih sering aja ada kasus kendala konversi SKS.",2024-10-17 08:05:15
sandikaarg,lorem ipsum ganti dulu @maulanaakbrr,2024-10-17 10:39:58
ashsjsgdj,MSIB 8 or PMM 5 wait for meğŸ¤©,2024-10-17 08:25:08
dsavraa_,Yuukkkkk merapat @nadrhmhh @maysyuraa_nf @nsywa.oktavn @mutyanawira,2024-10-20 06:20:08
ricardoshtng,"Min mohon informasi mengenai bantuan biaya hidup jika rekening yang tertaut nomor rekeningnya sudah tidak aktif dan ingin ganti ke nomor rekening yang aktif bagaiamana caranya yaa ? 

Mohon bantuannya minğŸ™ğŸ» @magangmerdeka",2024-10-19 15:35:59
yelfadesicaa,@angga.repp mari ikut msib 8 senggg,2024-10-17 11:56:18
yyyyycccccccccccc,"PMM 5, MSIB 8 wait for me ğŸ”¥ğŸ”¥",2024-10-17 08:02:58
hendra_iman941,@ananda_pratama_93 @reindita29 @dlsyaftrdwii gass kita berempat daftar ğŸ”¥ğŸ”¥ğŸ”¥,2024-10-17 08:53:02
_putrinirmalaa,@helorriis @mungkinjodohmuu lagi a?,2024-10-17 10:57:36
mhdfzii.qrn,Gas gas @diozaynn,2024-10-17 16:23:47
yunpnzr,Ganti nama pasti wkwk,2024-10-17 08:14:07
marshandanok,@astinnsss_,2024-10-17 10:34:11
raatuu22_,@wahyunibsr terbuka broooooo,2024-10-17 10:26:33
vanillate911,PMM 5ğŸ˜ğŸ˜ğŸ˜ğŸ˜ğŸ™,2024-10-17 09:49:55
idzharchocs,apa boleh se lorem ipsum itu,2024-10-17 09:48:28
bagas27___,@gilangkusma,2024-10-17 09:24:03
personalidho,"untuk msib 8, baikmu ku tunggu yaa!",2024-10-17 10:04:14
fadil_abdilah30,Lengkap sudahğŸ”¥,2024-10-17 08:02:30
sarmdnt,@rizkywahyupratamaa @tazkiltz lagi nih?!,2024-10-17 08:44:46
lentina_shetorus,ğŸ”¥,2024-10-17 08:00:59
althalaric,@yabesyedija hayu,2024-10-17 08:12:41
karajakaa,ğŸ”¥ğŸ”¥ğŸ”¥,2024-10-17 08:03:05
mahi_patel__1143,"I'm sick of being a millionaire, what should I do with my money?",2024-10-17 08:15:39
nndaprastyo,HUUAAAAAğŸ˜ğŸ˜ğŸ˜,2024-10-17 08:02:42
mlisasari_,ğŸ˜ğŸ”¥,2024-10-17 08:06:39
ker0senehe4rts,@tawakalcelallu @huftsedih gas?,2024-10-17 08:07:14
vkfhrlarfnd,ğŸ”¥ğŸ”¥ğŸ”¥ğŸ”¥,2024-10-17 08:09:21
mbaiiididit,Bismillah msib ğŸ˜ğŸ˜,2024-10-17 08:13:05
aeulennn,ğŸ˜ğŸ”¥,2024-10-17 08:13:26
hattamhitami_,ğŸ˜ğŸ”¥,2024-10-17 08:14:42
awgrella_gea,MSIB MINğŸ¥¹ğŸ™ğŸ»,2024-10-17 08:16:59
silalahi.elyezerh_,alhamdullilahğŸ”¥,2024-10-17 08:18:48
lvdelouvre_,MSIB 8 pleakkkkk,2024-10-17 08:19:11
rafly.ramadhannn,Lorem Ipsum ğŸ˜‚,2024-10-17 08:20:00
ellpretygirl,Ga sabar nungguin ğŸ˜,2024-10-17 08:21:09
fairuzazmii123,batch 8 apakah berlanjut?,2024-10-17 08:21:54
ilhm.lii,@igip_ri,2024-10-17 08:27:17
bestpartdy,coming soon lorem ipsum,2024-10-17 08:28:57
mcfinn23,MSIB 8 / IGIP 1 ğŸ¤©ğŸ¤©ğŸ¤©ğŸ¤©,2024-10-17 08:30:08
shoqriz,demn ğŸ˜¢,2024-10-17 08:30:10
muamar_hamzahsrt,MSIB 8 bismillah,2024-10-17 08:31:11
bhaskjb,lorem ipsum...,2024-10-17 08:33:52
bintangsa_04,Msib batch 8 ğŸ”¥,2024-10-17 08:35:03
putrykaaaa,NANGISSS ğŸ¥ºğŸ˜­â¤â€ğŸ”¥,2024-10-17 08:45:18
rikamariska_29,Wkwkwk apakah lorem ipsum dari canva,2024-10-17 08:45:22
s0uls4l1y,gasabarrr msib 8 ğŸ˜­ğŸ˜­ğŸ˜­,2024-10-17 08:45:27
syafatriogmnasti,Bismillah kampus mengajar 9 atau msib 8ğŸ”¥,2024-10-17 08:46:02
rririsma_,Lorem ipsum banget nihğŸ˜‚,2024-10-17 08:46:58
mdsgfy,omooo ğŸ¤©,2024-10-17 08:52:36
jacceido,6/7?,2024-10-17 08:56:17
danielsurbaktii,@nabitaaa.n ada kan,2024-10-17 08:57:22
ilham_ghaza,MSIB 8 please,2024-10-17 08:57:33
calderazhr,Tolong,2024-10-17 08:57:55
icha_w47,bismillah msib 8,2024-10-17 08:58:42
almaisyh,ğŸ˜ğŸ˜ğŸ˜ğŸ˜ğŸ˜ğŸ˜,2024-10-17 09:00:31
iniyogaaa_,MSIB 8 BISMILLAH,2024-10-17 09:02:44
rizaalerzq,ğŸ™ŒğŸ™ŒğŸ™ŒğŸ™Œ,2024-10-17 09:03:09
rzkithaib,BISMILLAH NASIB DI MSIB BATCHâ€™8ğŸ˜,2024-10-17 09:06:48
muchammadwr,Kampus Mengajar dong ğŸ”¥,2024-10-17 09:07:24
dddllcth,â¤ï¸â¤ï¸â¤ï¸,2024-10-17 09:13:52
eka_arnitaa,lorem ipsum @neceeayuu_,2024-10-17 09:21:57
sriisept_,ğŸ™Œ,2024-10-17 09:22:27
nirwanarizkii_,"Lorem ipsum dolor sit amet, consectetur adipiscing elit. Vivamus tempor nisl ac justo laoreet, et viverra erat bibendum. Sed semper risus at eros dictum lobortis. Duis porttitor odio quam, non varius velit dapibus porta. Curabitur rhoncus augue eget eleifend lacinia. Nullam tincidunt, sem nec aliquam auctor, purus dolor imperdiet orci, quis tincidunt urna dolor ut ante. Praesent elementum, nunc non ultricies cursus, quam orci cursus orci, eget fermentum est lectus et elit. Quisque cursus massa non aliquet auctor. @syraae_",2024-10-17 09:25:01
amatmanggas,"Tuh kaaaaan, gas terus MinğŸ”¥ğŸ”¥",2024-10-17 09:26:39
windikrtkaaa_,can't wait for msib 8ğŸ˜ğŸ˜,2024-10-17 09:27:21
fauzanario_,kenapa lorem ipsum,2024-10-17 09:27:52
iamabiglieer,Waduhhhh dah semester 7 mana biss iisma lagi wkwkw. Semoga adekÂ² gua yang bisa. Amin.,2024-10-17 09:29:51
mekyyy._,Pliss adain lagi min MSIB 8â¤ï¸,2024-10-17 09:31:24
raissyfr,"plis min tolong dilanjutin MSIB batch 8, program ini bermanfaar banget buat kita2 yg kuliah dan pengen punya pengalaman kerjağŸ˜­",2024-10-17 09:31:36
septy502,@n.ria_ @shilfiazzz @yakuplism_  gass gak nih MSIB 8ğŸ”¥,2024-10-17 09:42:20
firdho_arrazaq,LOREM IPSUMğŸ˜‚ğŸ˜‚ğŸ˜‚,2024-10-17 09:44:28
iseumyy,ğŸ”¥ğŸ”¥ğŸ”¥,2024-10-17 09:46:58
slo222320,Alhamdulillah semoga ada msib 8,2024-10-17 09:46:59
ophirmdhn_,Semoga ga ngegantung lagi kaya season lalu,2024-10-17 09:47:00
desiramadhaaa,minimal jangan kek msib batch 7 kemarin wkw,2024-10-17 09:50:25
cein_67,Can't waitttt ğŸ¥°,2024-10-17 10:00:53
yayaaaa.o,MSIB 8 ğŸ™‡ğŸ¼â€â™€ï¸ğŸ©·ğŸ©·ğŸ©·,2024-10-17 10:06:25
ferrieu,damn,2024-10-17 10:09:15
j.ard_10,Kapan mulainya min @magangmerdeka ğŸ”¥ğŸ”¥,2024-10-17 10:16:08
hannjing_,Salah upload kah min? ğŸ˜‚,2024-10-17 10:18:24
college_site,ğŸ”¥ğŸ˜,2024-10-17 10:18:26
dwishawntika_29,Bismillah msib 8...,2024-10-17 10:18:28
matchadl_,â¤ï¸â¤ï¸,2024-10-17 10:27:34
sokapdh,MSIB 8 pls terima gue ğŸ”¥,2024-10-17 10:31:56
febbyrav,Maju di msib 8ğŸ”¥ğŸ”¥,2024-10-17 10:42:46
sweet.octaaa,"Bertukar sementara, gamon selamanyaaaa",2024-10-17 10:49:44
suras.09,Pre Order untuk Semester Depan,2024-10-17 10:55:54
yadisimamora,Keren,2024-10-17 11:03:09
fakhry.escobar,Lorem ipsum dolor silit ametğŸ”¥,2024-10-17 11:04:12
muhddanilkurniawan,Harus dilanjut yaaa minğŸ˜€,2024-10-17 11:17:19
maulida.w04,ğŸ˜ğŸ˜ğŸ˜,2024-10-17 11:19:59
_wandasafitrii29,lorem ipsum maksudnya apa?ğŸ˜,2024-10-17 11:20:25
saritaneee,Majuu msin 8 ğŸ‘ŠğŸ¼,2024-10-17 11:22:18
ycseph_,semoga berlanjut ke msib 8,2024-10-17 11:27:46
pnsbumnstarup,Pmn min,2024-10-17 11:33:22
haechanaaaach,bismillah msib 8ğŸ˜ğŸ˜,2024-10-17 11:33:36
rahadityabintang,lanjutin program MSIB 8!,2024-10-17 11:45:41
shadhust20,@indanian_ng ayanggg jomm ğŸ˜ğŸ˜,2024-10-17 11:47:45
marufamarr_,pasti 7/7 @igip_ri,2024-10-17 11:52:26
liyarahmah___,Semoga keterima msib atau kampus mengajar,2024-10-17 12:06:24
reepp_16,bismillah,2024-10-17 12:16:55
mtiara___,Aa finally!,2024-10-17 12:18:16
dedejidann_,harus ada aku butuh ituuuuuuğŸ˜¢,2024-10-17 12:20:30
tyayulistinaaa,"Semoga lolos di msib 8 ada terus lolos, amin ya allah",2024-10-17 12:22:42
panduwinatamonera_,Mungkin tahun depan udah gak lagi kalo udah ganti mentri :) plot twist,2024-10-17 12:42:44
fauzul_ma,AlhamdulillahğŸ”¥ğŸ”¥,2024-10-17 12:57:44
_putrikh4,"can't wait, msib 8ğŸ¥¹",2024-10-17 13:02:25
ipit.ini,AWAS AJA KALAU PHP,2024-10-17 13:11:53
loyzaazia,Masih ada insentifnya gaa?,2024-10-17 13:15:14
its.ruhia,Yaayyy,2024-10-17 13:21:35
qorinahnfs.97,Lorem ipsumnya min ketinggalan apa gimana?,2024-10-17 13:29:24
ima.at.the.view_,EH YANG BENER MIN ASTAGA ğŸ˜­,2024-10-17 13:36:33
dumpchicsun,Lorem ipsum dong...,2024-10-17 14:15:43
deanktggg,kapan nich ğŸ˜®,2024-10-17 14:21:21
fikaaftryn,mashaAllah masih ada kesempatanğŸ™ŒğŸ˜,2024-10-17 14:33:31
martallane,ini apaan kocak ğŸ˜­,2024-10-17 15:26:57
prelovedaur,"blh ga klo misalnya udh ikut pmm4, trs wmk di univ, trs tahun dpn dftr msib 8?",2024-10-17 17:31:47
zhuang_lie,IGIPPP BUKA THN DPN GA SIHHHHğŸ˜ğŸ˜ğŸ˜ğŸ˜ğŸ˜ğŸ˜,2024-10-17 19:01:31
doublella,Woww,2024-10-17 22:22:26
candrautaa,Msib 8 here we go,2024-10-17 22:45:34
tiovitatpbolon_,@gabrrielss yeyy masih ada MSIB,2024-10-17 23:25:08
yhudabug,MSIB 8 I'M WAITINGğŸ˜,2024-10-17 23:42:43
biskuityayas,"@glossiebabyyiy msib tanda""",2024-10-18 00:25:13
nunuu20_,Mau ikuutt,2024-10-18 02:24:51
malikhrj,Ya Allah semoga programnya lanjut,2024-10-18 03:10:38
prvttayu,Bismillah msib 8 yakkkk,2024-10-18 03:33:27
ilhams_azhari_24,gassssğŸ”¥ğŸ”¥ğŸ”¥ğŸ”¥ğŸ”¥,2024-10-18 03:36:49
bloom2shinee,bismillah,2024-10-18 04:46:12
jouska_19,"Yahhh ga bisa ikut MSIB karena udah lulus, Batch 7 malah ga lolos karena terhalang kampus dan kuota ğŸ˜­ğŸ˜­ğŸ˜­",2024-10-18 05:14:09
5afepl4ce,AAA MSIB???,2024-10-18 07:24:31
wdmhrni_,IGIP bukan yaa?,2024-10-18 11:02:13
areezzz05,Bismillah ğŸ˜,2024-10-18 11:57:52
youthme_9,Udah ikut pmm mandiri plis ğŸ˜­,2024-10-18 13:13:35
thejeyie,omgg,2024-10-19 00:11:33
llkswnt,lorem ipsum,2024-10-19 03:21:22
marynxxi,Emang boleh se lorem ipsum ğŸ™Œ,2024-10-19 03:31:35
anisehhaha,msib 8ğŸ˜­ğŸ˜­ğŸ™ŒğŸ™Œ,2024-10-19 05:07:30
rifmlnnaa,MSIB 8 akan tetap ada min? Yey,2024-10-19 05:10:31
liaslnn_,sedang menunggu MSIBğŸ”¥,2024-10-19 05:44:49
citranaya21,"Hire desainer dong, apalah lorem ipsum",2024-10-19 09:01:00
gunawan.sinaga14,"MSIB Batch 7 kemarin, KLARIFIKASI lah kenapa kacau kocak! Banyak mahasiswa yang nangis karna kinerja kalian!",2024-10-19 09:24:10
mariyaaaa_1703,"Alhamdulillah, can't waittttğŸ˜.",2024-10-19 10:03:15
asriwani_amnd,MSIB kapan buka lagi pendaftaran nyağŸ˜­,2024-10-19 13:25:49
figodominix,Lorem Ipsum nya lupa di apus apa gmna min?,2024-10-19 13:28:31
harleyco_,Wah ada IISMA?,2024-10-19 15:05:37
muhammadraflyeka,Knp harus lorem ipsum ğŸ˜‚,2024-10-19 15:38:31
niyothesecond,bij,2024-10-19 16:26:18
ddipppo,Min tolong bbh ku belum cair ğŸ˜¢,2024-10-19 16:30:16
imrollina,Lorem ipsum?,2024-10-19 22:18:52
fbrian_syh_,MSIB batch 8 Wait for me ğŸ™Œ,2024-10-19 22:29:34
riri.secret17,Paling bagus program WMK,2024-10-20 06:38:12
syaalaand,dolor sit amet,2024-10-20 07:19:12
rilensa30,PMM 5 GA SIHH,2024-10-20 14:44:43
elll.elelelelll,akhirnya klarif,2024-10-20 15:18:36
sunanjayairmawan,YESSSSS,2024-10-20 19:22:32
aldhifrhn_,Apakah msib 8 akan segera dibuka kembali?,2024-10-20 23:32:10
si_kabayankun,Editor naik gajih,2024-10-21 13:12:45
coolyeahdump1,MSIB BATCH 8 please be nices to me ğŸ˜­ğŸ˜­,2024-10-21 13:34:44
alyariant,ğŸ”¥,2024-10-22 01:23:17
eoisse,bismillah,2024-10-22 14:13:03
yayannnnn_____,@intannapitupulu_ ğŸ”¥,2024-10-23 13:44:44
011104.23,Allahuma Shalli,2024-10-23 17:31:07
rakhaprasetyo16,C,2024-10-27 09:05:29
rakhaprasetyo16,Jv,2024-10-27 09:05:30
rakhaprasetyo16,Bismillah bisa lulus Magang merdeka batch 8,2024-10-27 09:05:54
cacaxbyy,Bismillah MSIB batch 8ğŸ˜ğŸ˜,2024-10-29 14:43:45
raimaww,bismillah allahumma solli 'alaa muhammad msib 8 aamiin,2024-10-29 16:37:06
ditoagustino,@khasani__,2024-10-30 04:53:09
borntobestudyhard,Bismillah lolos MSIB Batch 8 :),2024-11-03 06:59:38
gorgeousgirlll,smoga aturan nya diubah gdk batasan min.ikt program kampus merdeka aamiin,2024-11-06 04:34:53
tiarasinli02,Kerennya ğŸ’•ğŸ¥°,2024-10-16 08:43:34
wasgeo.id,ğŸ™Œ,2024-10-16 11:46:13
chndr.png,ğŸ”¥ğŸ”¥,2024-10-16 06:16:47
andi.nisaaa,masyaAllahhğŸ˜ğŸ˜,2024-10-16 06:49:25
julehaha_,Ihh kerennyaaaa metkuuuuğŸ˜ğŸ˜ğŸ˜,2024-10-16 09:18:32
nnnrkml,Masya allah edu fam mmng keyenn ğŸ˜,2024-10-16 06:59:25
kinaar.r,wuhuuuğŸ”¥ğŸ”¥ğŸ”¥ğŸ”¥,2024-10-16 07:23:26
zhuhrahrizqah,ngeri ngeriiiğŸ˜ğŸ˜ğŸ˜,2024-10-16 06:16:23
luluilva.p,asiqqqqqqqq,2024-10-16 06:17:34
shrker_,ğŸ‘ğŸ‘ğŸ‘ğŸ‘,2024-10-19 11:40:05
lisaafdaliyah,deh buset dah,2024-10-17 08:15:59
cheyoong,Wihh ğŸ”¥ @licanyyy,2024-10-16 06:15:56
si_paling_sekenekoun,Min @magangmerdeka next year bakal ada ngga programnnya ?,2024-10-17 03:35:43
tw.indh,WEH @licanyyy @meii.iml @zhuhrahrizqah @kinaar.r @nnnrkml @andi.nisaaa @luluilva.p,2024-10-16 06:14:25
gunawan.sinaga14,"MSIB Batch 7 kemarin, KLARIFIKASI lah kenapa kacau kocak! Banyak mahasiswa yang nangis karna kinerja kalian!",2024-10-19 09:23:32
09.5995,skillvul plg mantap kasih kelas gratis â¤ï¸â¤ï¸â¤ï¸â¤ï¸â¤ï¸â¤ï¸,2024-10-09 09:35:57
urrrr_babeeee,bbh msib batch 7 kapan cair minnn soalnya yg lain udh pd cair tp aku belumğŸ˜¢,2024-10-11 17:06:00
amalia_satukelas,masih cari tempat magang mandiri? bisa DM ya!,2024-10-14 13:04:49
reychan_satukelas,"Pelajar, Mahasiswa, dan Freshgraduate yang masih mencari magang. Sini-sini ikutan magang di @satukelas_id , banyak banget lohh benefit yang akan kalian dapatkan Cuzz Klik link berikut untuk melakukan pendaftaran https://bit.ly/Produkmmdmshopee1 

ğŸ”—Klik link di bio profil untuk informasi lebih lanjut!",2024-10-10 00:38:30
ridhopardosi27,Passion Mimin ğŸ”¥ğŸ”¥,2024-10-07 11:13:56
wasgeo.id,ğŸ™Œ,2024-10-07 11:46:37
growbareng,Passion dan gaji melangit ğŸ”¥ğŸ”¥ğŸ”¥ğŸ˜,2024-10-07 13:53:34
alterichaa,passion,2024-10-07 09:34:12
alpii.__,"passion minn, kalo ga sesuai skill susahhh",2024-10-07 14:18:48
alfaroowilson,Passion,2024-10-07 10:18:02
pikiwahyuuu_,Keduanya dong mbakkk,2024-10-07 14:44:31
qaris.antaresa,"Berdasarkan passion, skill, sama lingkungan kerja yang suportifğŸ”¥",2024-10-08 08:47:42
__anggaandika,"kalo passionnya ngajar, tp gaji jd guru honorer cuma ratusan ribu/ bulan, gmn Kak?",2024-10-07 09:31:00
cvbuilder.kinobi,Sesuai passion dan gajinya dua digit ğŸ¤©,2024-10-08 05:21:31
no_vita8518,"Gaji min,",2024-10-21 11:35:47
lotus_idea8,Mending passion tp gaji cukup untuk menyambung hidup sehari-hari.,2024-10-09 15:16:27
sepuluhmei2025,"Problem dilematis di negara ini, bukan hanya untuk bekerja tapi berpendidikan tinggi pun pasti kepentok sama kebutuhan ekonomi. Mau sesuai passion tapi harus siap menerima realita resiko seperti turnback yang tidak sesuai harapan, tidak diapresiasi, akhirnya mengorbankan passion dan berpatok pada gaji biar merasa secure sejenak. Walau ya kebijakan terbaru pemerintah agak absurd, yaitu gaji diatas UMR malah dipaksa ikut tapera.",2024-10-07 10:00:33
setiawannnnnnn_,Batch 8 msib kapan min @magangmerdeka ?,2024-10-07 13:22:53
muellll_prb,@magangmerdeka @puslapdik_dikbud apakah MSIB batch 8 ada min?,2024-10-12 07:15:34
amalia_satukelas,Ada yang masih cari magang mandiri? Bisa Dm ya!,2024-10-10 14:46:58
zaahrahman18,"Menunggu kepastian, wkwk",2024-10-03 15:11:57
artazulian,â€œInternship Experienceâ€,2024-10-04 01:30:27
hunneeyyyy,Film 2015 kesukaan akuuğŸ˜ğŸ˜,2024-10-04 04:54:41
dyhnft,"Coffee & Gen Z, hari hari isinya meeting kopi meeting kopi ğŸ˜‚",2024-10-04 22:40:47
amd.academy,ğŸ™ŒğŸ™Œ,2024-10-04 01:11:14
dsynsaaa,kyknya biar tua aku tetap butuh magang dehğŸ˜‚,2024-10-04 02:01:47
roy_robbin99,120 days of msib ğŸ”¥,2024-10-03 15:16:28
awanations,Min pake yang taylors version wkwkwkwk,2024-10-07 07:59:42
lagiburnout_,duduk dan bekerjağŸ˜¢,2024-10-03 13:43:05
callantriyunanto,Pathway to Excellence,2024-10-03 14:57:50
afinah.gand,My all time fav ğŸ«¶,2024-10-04 06:17:50
callantriyunanto,The intern has become the force,2024-10-03 15:03:36
callantriyunanto,Heard of Interns,2024-10-03 15:02:54
reychan_satukelas,"Magang Mudah Sertifikasi Murah, dan mendapatkan akses materi dari satukelas.com dan materi digital marketing yang lengkap juga! Klik link berikut untuk melakukan pendaftaran https://bit.ly/Produkmmdmshopee

ğŸ”—Klik link di bio profil untuk informasi lebih lanjut!",2024-10-04 01:08:03
sybila.pun,"@vocayeshu ihh nonton ini yuk, keknya seru",2024-10-06 14:08:23
reychan_satukelas,"Mahasiswa yang masih mencari magang. Sini-sini ikutan magang di @satukelas_id , banyak banget lohh benefit yang akan kalian dapatkan Cuzz Klik link berikut untuk melakukan pendaftaran https://bit.ly/Produkmmdmshopee

ğŸ”—Klik link di bio profil untuk informasi lebih lanjut!",2024-10-03 02:12:28
farhandalimunthe46,iyaiyaah,2024-10-01 00:25:19
bagusangkasawan,Kapan layanan PDDikti di aplikasi Satudikti dapat diakses kembali min?,2024-10-01 13:00:37
lifeat.berdikari,Terima kasih Ahmad sudah menginspirasi kami ğŸ”¥â¤ï¸,2024-09-30 07:32:55
teguh.pria,Mitra mana kak?ğŸ”¥,2024-09-30 09:33:55
agunqkq,Sejahtera x Berdikari gank âœ‹ğŸ½,2024-09-30 12:29:21
byu_s0,Tunggu saya ya gabung batch selanjutnya,2024-09-30 11:16:49
ihsan_ramadhan13,"Kak admin, mohon tanggapannya terkait data tanggal lahir yg salah pada PD Dikti. Saya sudah berkoordinasi dgn operator PD Dikti Fakultas, katanya sudah disetujui PDMnya namun pada info gtk, tanggal lahirnya masih berbeda dgn yg tertulis pada ijazah, mohon tanggapannya, terima kasih.",2024-09-30 12:48:04
kholifah_nusantara,Assalamualaikum warahmatullahi wabarakatuh untuk dicek Dikti seluruh Indonesia Saya ingin bapak mulai melakukan pengecekan setiap kampus dan mengatasi tentang ayam kampus ayam kampus yang open PO dan ayam abu-abu agar negara Indonesia tidak jarang di kaca dunia internasional tentang pendidikannya bahkan video-video yang suruh-suruh di Gorontalo dan sebagainya bahkan ayam kampus yang selingkuh dengan dosanya ayam kampus yang selingkuh dengan PNS ayam kampus ayam kampus yang merusak merusak rumah tangga orang tolong segera diatasi bekerjasama dengan dengan menteri kesehatan dan menteri pendidikan untuk mencegah penyakit pergaulan bebas salam Rahayu Nusantara bocah angon,2024-10-02 02:50:06
amalia_satukelas,ada yang masih cari magang mandiri? aku ada magang mandiri digital marketing onlineğŸ‘€,2024-10-01 02:58:34
kinadarwin_,@mertiii_25 next ikut batch 8 BUNğŸ¤£,2024-10-19 04:48:40
mellysaisnaini,Keren kali @restuu.wio ğŸ™ŒğŸ”¥,2024-10-01 17:39:46
mellysaisnaini,@unisma_malang,2024-10-01 17:40:36
mellysaisnaini,Alumni @agribisnisunisma_malang,2024-10-01 17:39:59
